Episode,Reward
0,3.9500083718137002
1,-3.5800030871589072
2,3.1863478873930013
3,11.235847396085289
4,3.9520335786262852
5,24.4139131300119
6,20.329453528142075
7,21.303960544048227
8,21.870635912500557
9,34.43537901439211
10,28.47623047073101
11,40.40809644369747
12,48.58482394481442
13,45.37790895712492
14,49.52132457953826
15,68.37820522967174
16,47.275235210621105
17,79.14161688098254
18,52.27799108819952
19,62.06973101314185
20,80.45719122642164
21,82.36768132419962
22,79.015964049412
23,83.3260316902012
24,101.78585929358324
25,114.37645753578185
26,104.76950648133692
27,104.67774211043005
28,111.30331870921111
29,119.44413254285165
30,110.69337142186376
31,100.69794069617383
32,139.48879698855214
33,108.8333539783144
34,140.4513102796682
35,130.69651912790638
36,121.04136815132227
37,147.74097469458604
38,131.46130472722294
39,124.47670396517081
40,120.55300077962232
41,137.08273878374095
42,134.70993897525102
43,152.25138029373267
44,151.89217611207872
45,143.68090758365844
46,158.71721307959902
47,143.91268125220705
48,117.15355613095221
49,157.0324660345282
50,146.07465703150888
51,171.19124941858527
52,160.5869515158483
53,164.75646980384516
54,178.4601892171213
55,148.21665077026069
56,174.1853376725728
57,145.71590289581323
58,148.20949503952238
59,154.1453537048396
60,143.31848557340177
61,157.19412254276602
62,160.53353106059214
63,150.1424424306223
64,156.86543147708704
65,174.89389002939407
66,181.64277922076212
67,174.04744359093544
68,163.59278596934874
69,187.6108611766962
70,150.8047750675209
71,140.40387543565856
72,144.61603557820902
73,145.75168154950143
74,165.01306350699696
75,163.67761963249654
76,166.6641471143838
77,141.28137504524284
78,167.57636776965464
79,163.39163792826514
80,163.1930551491447
81,183.37397100873454
82,149.04988835984147
83,194.6336708406126
84,164.35073087009835
85,159.35900111849875
86,180.38751103374148
87,186.50467071337815
88,164.97204181789374
89,182.48447767436025
90,177.93080015631804
91,164.1247402921146
92,147.04425854646925
93,173.09116343634236
94,167.3580729775588
95,194.618751817093
96,157.3841994532736
97,149.0439927577872
98,148.23087222254387
99,169.132919223491
100,164.6085847019333
101,155.53491560583095
102,171.08209077138898
103,186.38648864471648
104,180.67403279312285
105,183.64001567701118
106,168.59716201237708
107,156.18464695589586
108,162.50344972716954
109,157.77992486444774
110,164.83570039481253
111,200.02447884577472
112,156.67310433678793
113,178.36927993353498
114,195.76492886381027
115,150.62975219432
116,176.5158331609777
117,152.18443595742838
118,145.76009740892238
119,179.30148262935683
120,186.71394208400935
121,163.0889595189796
122,171.46453982679174
123,166.6954928153828
124,178.5754234847558
125,178.1078707386291
126,167.61180888887475
127,162.61283339734652
128,173.4269877304607
129,187.17382154654578
130,161.9332865025407
131,176.08936961084865
132,196.535475051394
133,156.228458929941
134,194.47163179330929
135,157.2594692159176
136,175.1737061039963
137,168.30938012431218
138,167.0402730240722
139,182.0837567530484
140,184.76000004895317
141,200.6903668457449
142,145.39439006317014
143,185.5774185230985
144,152.7655578011443
145,181.98238390093059
146,147.98323443396393
147,169.42983704450987
148,172.3785156613001
149,158.0119010536777
150,165.52375315823085
151,178.55553145339684
152,145.80384187607382
153,180.76406448709017
154,176.1766335221723
155,165.3646394096572
156,174.82543803912952
157,165.02003921935147
158,163.08117372390015
159,179.31946196539292
160,166.28970887703954
161,177.4041113712651
162,199.86383494094363
163,179.26293619302433
164,177.48511964376698
165,162.58540309618536
166,163.61130536053486
167,159.15747053835136
168,193.83573935646362
169,189.45701720472877
170,165.11614653375622
171,161.14919393161085
172,161.91683732276297
173,175.25509691556292
174,159.46525696926506
175,160.79739300597137
176,176.39816864516823
177,144.74866412213404
178,187.42456465223884
179,179.94707355660577
180,159.08105273462397
181,173.17732473506783
182,174.93304402777005
183,190.88706073967333
184,164.42552850837518
185,178.52828117061915
186,165.76803810442183
187,172.05556268159057
188,184.5569618148446
189,177.52798652129994
190,167.2310250035173
191,180.08260489696147
192,172.42187758938704
193,189.71268831366572
194,165.1962097097466
195,185.62964635656425
196,164.84560140589633
197,164.69827886143128
198,185.1413689940561
199,172.23731374186923
200,195.60284481191218
201,154.3564927661976
202,176.77598222720053
203,159.47963593763424
204,191.48780458717255
205,171.33222631503776
206,172.93227471074795
207,179.10307986861963
208,191.02695752582568
209,187.41954663980323
210,194.76443169380985
211,167.9887448812878
212,192.21723907646157
213,167.78327639900505
214,186.74414016781458
215,156.6409935576597
216,176.13651192498554
217,172.2056305064015
218,202.49158578483625
219,162.5651285257617
220,172.08036021389532
221,183.40945713254993
222,183.23837216148505
223,179.77576356256003
224,221.87592029815207
225,169.7685416327615
226,189.23104912904245
227,199.42720035215532
228,174.2922010853826
229,193.3383710655967
230,189.1751309187183
231,166.258250664551
232,181.4095879074444
233,174.11027000672098
234,184.82489667614726
235,178.1064080892647
236,169.1669652002398
237,162.0874047409763
238,171.18839162674976
239,172.68679714276738
240,194.2529319598508
241,177.87157410819955
242,156.93230830649742
243,171.21138897522178
244,204.11602667148838
245,183.43434467404697
246,169.31354516887322
247,187.4544927084687
248,147.38372821285006
249,187.85856647217068
250,174.72930822242634
251,173.2076353303621
252,157.313879772282
253,171.3734955294183
254,179.46905724194724
255,173.03916062585517
256,154.14528619794586
257,171.54991354509016
258,181.76998471088865
259,153.16787638560828
260,195.42649430313375
261,156.70179476663233
262,199.906679316178
263,157.4653877441591
264,182.6394510001167
265,145.54423286500182
266,183.14233235397333
267,189.83118541449824
268,149.89235189156864
269,187.88340900907158
270,197.6347798115498
271,182.22174084387711
272,178.83359234876124
273,160.5277254677297
274,179.49320220761268
275,150.61487817539646
276,175.66223099178123
277,164.2079762921104
278,186.80764165253674
279,160.6086212287426
280,174.8662572075515
281,190.79657899974774
282,183.91438619551784
283,176.16517985253185
284,150.2180051470286
285,191.74039288129484
286,199.78935233483656
287,203.3068215360837
288,173.09696902920496
289,168.8025629877661
290,181.208574880149
291,180.3997522838081
292,178.79943386052275
293,163.77404197907248
294,170.7410684464517
295,187.7624816600636
296,199.96007726913516
297,151.780924751175
298,175.4804349269075
299,163.81663882903018
300,204.83321991070997
301,183.7912986259097
302,164.93198772760098
303,191.00290256935196
304,191.21172389402452
305,168.11493776800842
306,181.91492201177422
307,187.40350250138832
308,171.5061690779388
309,158.52342328993447
310,178.78444733011017
311,185.84089792941268
312,162.25018636411028
313,181.3633456852246
314,184.30194327254748
315,171.4250257916489
316,165.3938698946518
317,164.13090592174362
318,173.4408716482755
319,167.64945523329035
320,147.70040305144084
321,161.31584594998685
322,199.0149582543101
323,180.39858216431682
324,169.09340518834816
325,190.4813893128193
326,179.45409321383224
327,169.65472500989634
328,171.33188878056907
329,209.94076898969035
330,165.76121990815275
331,173.46728934603055
332,188.29268080359168
333,188.22096598012942
334,178.7426155582821
335,181.28575776200543
336,171.32797338073115
337,175.21040735189982
338,159.36854209281603
339,191.23181844606538
340,177.84463885759266
341,179.75094352795773
342,160.62020991217045
343,188.75296530749105
344,174.82233272201668
345,185.33018577588027
346,164.03398852461368
347,181.57594739594754
348,190.49374307437623
349,160.01111771214374
350,193.74059964086885
351,143.09600535389316
352,164.0848887225022
353,173.48432358555422
354,174.14229077665715
355,184.19859021821304
356,174.16859596292215
357,178.01207845639556
358,158.91401817718406
359,169.55148446705158
360,161.75488828465222
361,165.57991889383274
362,159.87203100871682
363,158.97274917474783
364,184.3838741392647
365,193.37466727213692
366,175.32449400234051
367,193.4061479869235
368,191.63238185129126
369,185.2577283765868
370,182.1345444394473
371,176.6379306294775
372,174.94571282149764
373,192.11309844169935
374,175.4041071323722
375,189.8942593555608
376,162.71058337949958
377,173.98637235438753
378,180.11158785667882
379,195.84910996031914
380,178.95247198865883
381,192.44894523811536
382,189.5019767959673
383,187.34391641650276
384,164.87505691387028
385,183.57156368674669
386,171.1525004615721
387,192.63260899371758
388,163.63198497232017
389,189.8095157016036
390,159.80157631393746
391,172.55754394353028
392,179.3529678869916
393,164.03504613261578
394,187.51830922536226
395,208.93961925304913
396,151.57793152166306
397,164.70962001958196
398,162.51425083017043
399,187.92627588660355
400,171.85405460374056
401,196.68837816574228
402,184.68776767263859
403,185.39492488698863
404,167.31556613679345
405,183.73963334989145
406,166.70318860127077
407,193.03400498396658
408,173.87667365204098
409,176.76961407688978
410,184.39082734932094
411,164.7609027565354
412,168.6904790418406
413,189.48237729448115
414,185.98527267285039
415,163.14629537407237
416,198.26239140276238
417,187.90199590715136
418,185.73158176613043
419,206.43779126830196
420,195.50493731367402
421,196.92354968127637
422,193.9374047384538
423,160.5415868832472
424,172.59766554071683
425,168.79961518673923
426,199.6161296454689
427,180.08872552199503
428,191.87072619083204
429,182.88319589115753
430,180.01442293427192
431,204.39701286558278
432,194.91134919691203
433,156.73388304346255
434,165.1068305824184
435,200.47835019476784
436,189.4992090133236
437,180.77569817511343
438,168.14713855632834
439,214.96652221573973
440,194.29249099958926
441,185.76619030032694
442,180.00735721272605
443,169.40965248327802
444,176.19670557191398
445,176.46495546538682
446,196.77800481834737
447,199.15805036676645
448,158.64099779655254
449,188.12830151730566
450,179.3129813035926
451,165.344162318553
452,166.91059228117462
453,174.68599129893602
454,164.30536623749705
455,184.9880608383455
456,196.96029593377574
457,177.86039046613453
458,164.66369282953224
459,197.34272248688052
460,174.62856543465014
461,174.2816475076591
462,192.32128970203033
463,182.4057196316494
464,183.15900655673005
465,174.38077012998482
466,160.66964746069448
467,176.6417785224211
468,159.5498881117315
469,189.8165139162558
470,188.88037331829864
471,176.15887920911547
472,180.5514852786647
473,182.21890555433967
474,171.36969264107
475,166.43840406167703
476,197.9277372281355
477,179.32938547877433
478,164.39269765571404
479,198.8615600894072
480,185.99960663662316
481,164.72944454404663
482,151.32127031161772
483,175.51171312101246
484,173.13033993701669
485,192.01219813783783
486,182.8500500063253
487,165.82960439152367
488,177.1778057611101
489,191.88253989723873
490,162.1648576504082
491,193.56341654706804
492,195.47478423446438
493,190.55242906734475
494,191.80261173503584
495,186.8700855292579
496,197.05813592512027
497,171.01978190845531
498,178.3215525596526
499,198.5918250442719
500,194.4579503961759
501,188.60661036183646
502,200.41601882953634
503,177.8942339222027
504,189.3339521374187
505,179.15224738956923
506,179.68021880560366
507,179.42886813786683
508,181.60976834971777
509,220.18025963859094
510,171.63846008739486
511,167.00782471047577
512,192.50256821405316
513,193.25403245300265
514,172.59861063722983
515,201.63377568592955
516,177.99182638827025
517,186.33432831814378
518,165.005165200428
519,181.89111458057758
520,183.96238359697503
521,178.71194492622075
522,180.62545033191898
523,190.92995011950399
524,180.8857344119293
525,201.77549515821332
526,169.66275833025236
527,184.47604355153416
528,179.6987832013855
529,152.1195168279373
530,177.10505583194308
531,165.1469521796053
532,165.85662965132224
533,181.8484052191305
534,170.64777391928544
535,164.4568067024808
536,182.68247539373485
537,168.0778089764449
538,154.49092149395608
539,169.5420109996275
540,167.5915343184515
541,186.16756378827776
542,175.65408515993562
543,189.22441095115738
544,182.82189963163057
545,170.73008732506761
546,179.95857223084076
547,198.61941286151875
548,177.47299090518956
549,160.51154631552785
550,181.50508765980587
551,161.13893288376045
552,167.69497738197728
553,165.62674617579893
554,161.17124618356982
555,178.62279082187172
556,177.60294167566255
557,167.54337940090804
558,164.68948046294608
559,191.63843496943093
560,181.91597961977615
561,198.04609931518067
562,164.26222933238913
563,181.6759926124882
564,182.6145859609179
565,162.90759099776534
566,193.90281870655497
567,182.40634969599125
568,170.6105776208285
569,197.40820417382014
570,188.87173243589842
571,180.51539159280512
572,178.9348976939852
573,188.8787756551468
574,189.194302876544
575,172.51294438905836
576,171.2387067648929
577,173.36152854581957
578,175.31389542002086
579,170.32675613719732
580,162.74863476527727
581,203.4620423871168
582,158.78469747105288
583,198.35717108158994
584,169.80855071845892
585,194.34579894335553
586,190.48537221955124
587,174.62381744979027
588,193.0844326335988
589,174.8124542132317
590,176.1575740758362
591,183.23326413985754
592,161.9812388994025
593,175.4439812042815
594,187.74603248028566
595,169.6713542080568
596,183.13636924502563
597,171.5369972260856
598,176.3363098281934
599,165.8587223650285
600,210.1363139585916
601,205.12667237785047
602,190.16284678350172
603,158.45101089523672
604,190.81525590701904
605,175.0311990512856
606,158.5716007097759
607,189.66572601791174
608,169.89991004800328
609,170.6155056240724
610,174.73639644627087
611,176.32964914800965
612,184.62964423711801
613,143.65259969287843
614,171.65709199007023
615,186.6530733681425
616,171.1733600917415
617,189.8263024158501
618,166.91376510518126
619,179.24378673749703
620,144.89274633569892
621,191.16822695215015
622,186.2158537196086
623,212.99016789195787
624,158.91674095523203
625,191.21003622168095
626,160.81561986728443
627,171.14354454700063
628,172.66193210356855
629,186.6575513254282
630,200.8362267408453
631,205.08304042218828
632,179.42308504730195
633,188.25872483603413
634,175.38178485283794
635,172.4823187615933
636,180.27589963607124
637,175.36076770658323
638,173.9434829745569
639,195.34847883625483
640,183.1769408881702
641,168.95224827351282
642,182.4678034716035
643,193.07466663630296
644,190.99522928576175
645,173.35090746120196
646,182.05630394958914
647,175.75932840729476
648,178.23563878620428
649,177.35309866188578
650,169.70848299962034
651,177.02199985032982
652,205.28036307262605
653,199.98444725778018
654,191.62342593672014
655,174.63209829542402
656,185.74371050470722
657,174.15878496103048
658,164.40518643105793
659,191.46341209623014
660,181.20447946192786
661,187.766689589774
662,172.1556529027271
663,170.83683822638753
664,191.73740007567216
665,176.53415003148262
666,171.0183642636864
667,181.4877158858137
668,187.7849839579806
669,178.9247266553267
670,205.32608774199414
671,189.2216431685131
672,203.43863999728345
673,165.16187120312446
674,182.98603139263918
675,177.8047647856829
676,173.50063775154447
677,166.3969548289135
678,178.0870786153538
679,182.114877431068
680,183.7043047421611
681,167.74439242820338
682,189.02193527449657
683,163.3018087549797
684,182.82288973273913
685,186.4033878704523
686,181.51548372144381
687,189.33026176055978
688,184.47032796786303
689,159.28787135478245
690,196.03574401924584
691,194.7880591066228
692,185.70109115245214
693,170.61323289198302
694,173.91816788940002
695,174.8973553832735
696,185.93038956822969
697,169.2146025649307
698,189.38820517769722
699,155.34299350689403
700,175.13599225268703
701,186.85368135407617
702,190.04655490786507
703,167.38125034441342
704,173.81299214893508
705,186.63943697560495
706,188.9688073491137
707,164.6511140449965
708,178.43055369076416
709,201.54882951129184
710,185.6308389783541
711,185.05012217600154
712,184.1570284739598
713,183.34366041343986
714,185.2062206166541
715,167.50577806108822
716,172.7302040754503
717,193.88654954516056
718,184.24937790461294
719,162.50322470419115
720,157.46599530620344
721,156.34081290344253
722,194.55171747159724
723,193.2364131537331
724,187.01351517618286
725,157.59353833079825
726,192.44100192695123
727,180.69658009563594
728,163.5547345835699
729,187.76401181632164
730,180.23321277692204
731,165.04348661378145
732,182.17590366301985
733,176.03756932104247
734,169.97491020696216
735,180.33710588640662
736,171.60936461618752
737,173.86348730546064
738,174.38482054361032
739,205.50500351273467
740,194.54829712231373
741,187.72971831429624
742,173.38457089888644
743,188.05372890200766
744,190.06399418875088
745,174.03245706052257
746,193.7129668190264
747,186.65674124270342
748,173.51884211055918
749,217.43315660654451
750,161.97277803538526
751,193.54543721103178
752,168.63471834760082
753,176.2339693772654
754,201.7475022996036
755,184.56276740770758
756,197.94902440196566
757,203.37295578966294
758,189.74704932258553
759,170.17000512990495
760,192.03107756579087
761,182.36872585387326
762,170.2384121155738
763,192.63782952683437
764,189.57411916309024
765,185.501810802096
766,181.0293665795354
767,172.87703156936064
768,183.01098644103
769,186.94213788718912
770,176.2733709009184
771,184.1577035428977
772,181.91834236105748
773,192.2275676312051
774,164.74902154323505
775,193.0260391705043
776,181.39172108289836
777,175.89105685930292
778,162.32163115999788
779,185.0121607994147
780,191.58267427519235
781,163.3855623078279
782,202.18391186541223
783,208.05856428039408
784,179.26127102297855
785,168.90998895802383
786,183.58733779758649
787,200.5639714383435
788,187.14396099721006
789,171.22597046427157
790,183.641793358547
791,178.8083222682005
792,188.1902728457696
793,169.38746521753166
794,174.92471817754077
795,194.3801374499778
796,196.59636626955913
797,164.89371131884417
798,187.3104554995004
799,168.1893753695186
800,196.75840531686143
801,192.62054776203303
802,173.87408588778064
803,185.81114989156575
804,191.7897629229253
805,181.593296667642
806,195.84393443179832
807,176.73644568975953
808,173.53749651553278
809,166.54823777781164
810,188.21945832616896
811,179.64363006918978
812,179.89914366204135
813,165.9204461682159
814,187.2892808371599
815,199.0983967749874
816,176.10077827589228
817,187.15197181526793
818,194.23130725155244
819,173.2663888302245
820,208.11504504816696
821,181.60126248110478
822,186.0753718737111
823,168.88163606264797
824,188.97348782708127
825,186.83070650790245
826,172.88132950826298
827,170.0595188471307
828,163.2800265305953
829,184.2340763420289
830,204.1638215522652
831,167.11216786591825
832,192.87743399505786
833,193.9564191801944
834,182.79451433506543
835,160.58008831498364
836,190.86255573724122
837,197.85122941521675
838,160.54190191541764
839,191.66348002701346
840,168.62429978366538
841,154.73588150908435
842,169.92299740566605
843,171.97948241233192
844,173.51229394186498
845,164.43927741240284
846,176.7443664986263
847,198.98872057493804
848,177.61113251210475
849,197.47440593429297
850,177.1654970041494
851,196.89832460531122
852,184.19021936338802
853,192.43038084233405
854,164.46589763083935
855,190.6774293322756
856,171.89514379973744
857,143.91675416813007
858,186.725103223776
859,186.29434173474445
860,162.1891376298608
861,211.9486940374492
862,166.9888777756295
863,172.39089192515476
864,185.35590590240008
865,171.04030400415627
866,194.9420873358672
867,185.58412420787775
868,180.38926621297895
869,179.5703175825751
870,185.77611381370818
871,200.88465168596366
872,167.27524201892493
873,187.44922717075642
874,177.5211458227331
875,170.18944711530585
876,183.17298048373706
877,188.7853461141942
878,147.3629810941705
879,174.12181368555215
880,199.97609890525348
881,178.34704766319317
882,191.42227789563734
883,187.0866026398182
884,193.14849667576968
885,173.16827881130533
886,179.8651201875901
887,161.27516179535218
888,175.61803647867168
889,181.42178415291588
890,184.17980079945258
891,172.13936123903434
892,175.73932386444613
893,186.74024727027503
894,184.4814441030343
895,193.61683700232354
896,181.84363473197266
897,157.18647176147428
898,188.5177487873608
899,175.88358609639437
900,141.74724011902586
901,179.87857656174495
902,165.04629940102097
903,186.07948979422986
904,180.51032857577474
905,170.62439403174977
906,190.2910198724391
907,168.35175195129062
908,209.78725831329783
909,171.05090258647533
910,169.2587520734444
911,179.14772442768776
912,171.21548439344267
913,169.50695241947264
914,173.0243766161238
915,193.36562134837416
916,168.4869007525818
917,185.65266620733362
918,163.05387843652628
919,186.89564813969173
920,177.9813853220363
921,176.4611750793363
922,192.38632134301193
923,178.81145008761092
924,179.97504391291653
925,170.6356901853042
926,169.6346304578556
927,188.59344651755467
928,161.3138657477703
929,177.98869856885943
930,173.14357128819162
931,173.83553945144786
932,162.8729599612706
933,179.58937702891106
934,189.3249512182516
935,166.73001134038796
936,188.22402629264656
937,199.5370790728856
938,156.5621680080558
939,178.38896944421307
940,178.98512282293672
941,169.2479734727419
942,185.9995841343255
943,166.38610872131676
944,196.88525077022118
945,177.50539421419074
946,205.98594512612158
947,174.30473486532279
948,181.45522256762115
949,188.6345582158499
950,175.30797731566886
951,184.86805608355195
952,167.92650352524834
953,178.5249508305271
954,190.00609577620943
955,185.8115774352261
956,172.42021241934083
957,187.8008930826084
958,171.09347693413443
959,242.4066343788668
960,184.95903287403195
961,157.9384310509779
962,178.41511711439296
963,185.67111809162571
964,191.7033991035188
965,170.8369507378774
966,194.65871589819383
967,178.22533273375845
968,175.022085620629
969,183.6279769476254
970,155.9106589764549
971,186.4889641094316
972,183.32169817067216
973,176.85260255160853
974,191.5434752722199
975,199.906341781709
976,177.61855827041705
977,155.5637635517612
978,185.8923381824517
979,199.0443012507939
980,181.08121187393712
981,198.89794630513973
982,180.42704757118187
983,205.01868385014487
984,188.15825207583313
985,173.6777533384515
986,179.55053806270598
987,184.86461323197088
988,192.11948909430797
989,204.7413655306112
990,175.33254982499471
991,177.03309348320332
992,173.6132617526203
993,182.35812727155403
994,183.4988587621755
995,168.33908315756264
996,180.56017116566093
997,147.27290439560733
998,175.3482789312387
999,188.70665557837657
1000,169.5715790190919
1001,179.58060113272353
1002,180.7596990412941
1003,175.06596510156797
1004,184.02352234041652
1005,213.08596017419228
1006,164.77937714312557
1007,189.56640087490473
1008,189.91487146045233
1009,194.02433111530877
1010,176.80435762487377
1011,198.39371481340766
1012,178.6281238664785
1013,188.95546348644828
1014,172.68690965425736
1015,182.20378401013937
1016,163.02840583528368
1017,174.4173813686961
1018,186.79542290476795
1019,173.8898825009177
1020,178.17981058507135
1021,191.37194025519625
1022,192.1311452846293
1023,168.41115801779213
1024,168.35004177664896
1025,205.52138518561827
1026,206.60174301092758
1027,186.01558326814452
1028,169.39941393772577
1029,194.1644304221417
1030,179.7716681443397
1031,173.6704625939268
1032,174.83650916970547
1033,163.06938251979116
1034,178.9186510348889
1035,186.50532328001736
1036,200.15530720586608
1037,188.42299161083102
1038,207.4082028659876
1039,193.65518091797472
1040,192.13146031679983
1041,170.83267530127296
1042,154.90604388593536
1043,185.2206895942145
1044,197.36713748012113
1045,178.5089291944105
1046,188.44502136049252
1047,174.33907337194424
1048,173.57692054148353
1049,186.04026828896028
1050,195.79703964293864
1051,159.79095522932053
1052,183.43979023014296
1053,186.76990529892913
1054,143.8991123665628
1055,156.8553729499182
1056,179.5264381016367
1057,202.55027177780462
1058,189.89747718416237
1059,183.4164328449045
1060,183.80394491733907
1061,193.45041000692723
1062,179.5592239497023
1063,183.34372792033386
1064,185.17248967207595
1065,180.23069251955536
1066,216.5269890694136
1067,183.7448763853058
1068,180.04808637195575
1069,179.5800835798714
1070,206.9472657954484
1071,177.98154283812167
1072,189.26826792979762
1073,173.83497689399988
1074,187.03637751086683
1075,191.5722557112562
1076,156.4616502432585
1077,182.71922164623382
1078,171.79683126013666
1079,182.3072945805589
1080,170.30758417937193
1081,165.80419929717462
1082,190.9565253333446
1083,191.89307097266425
1084,179.2482421924842
1085,173.88947745955568
1086,159.88226955426896
1087,191.02833016599882
1088,184.8541946680348
1089,197.3162822868273
1090,156.85807322566816
1091,189.8160863725959
1092,167.96410486506844
1093,199.77607597906584
1094,155.63048286508652
1095,186.53698401318724
1096,180.98852490881504
1097,150.6246666749904
1098,187.5936919233855
1099,184.77631421494286
1100,181.17556400910428
1101,186.81965787962454
1102,183.326176127958
1103,185.3304333011577
1104,190.45895452179573
1105,166.60033059749054
1106,183.94777960562672
1107,197.25615614679285
1108,182.6145409563225
1109,172.64467284106644
1110,166.03788566104623
1111,196.86376107571056
1112,167.2177486477462
1113,171.84217339044056
1114,174.65397052899974
1115,183.78958845126758
1116,191.2313684001065
1117,201.4646709170805
1118,176.76065816231863
1119,176.73921347240307
1120,152.55192098471687
1121,178.79356076076655
1122,175.504962431637
1123,193.02142619943078
1124,173.2762223344144
1125,188.9852115242956
1126,171.27212267730064
1127,165.89056311658143
1128,180.53771387233974
1129,184.92111650204134
1130,202.07491073430117
1131,184.65624195325628
1132,187.32744473442798
1133,183.85464259454739
1134,200.57531259649332
1135,180.24021099157426
1136,170.96651896928495
1137,185.46155419112216
1138,183.12790838100847
1139,183.49593346344622
1140,173.86335229167392
1141,203.40988206054504
1142,199.30053491717894
1143,188.71867180546525
1144,194.05317906123835
1145,183.01634198793423
1146,168.22072107051758
1147,178.70575679429288
1148,178.47351057748816
1149,183.0090287411111
1150,173.88362686209726
1151,187.60424550110832
1152,193.49608967169905
1153,183.06863732829393
1154,203.7395632273323
1155,169.95567074224235
1156,173.8895224641516
1157,174.8302760331817
1158,200.7774507386853
1159,165.30282559727863
1160,168.35879517053883
1161,188.01630758057118
1162,166.4417118994708
1163,171.55166872432775
1164,186.48941415539002
1165,199.96581535510467
1166,195.34784877191248
1167,160.5904168697277
1168,210.5455407485164
1169,175.20707701180737
1170,175.12771140705308
1171,163.14382012130184
1172,168.20881735491957
1173,182.4784920631143
1174,190.22349047638872
1175,142.950978043816
1176,172.75198629983464
1177,193.9307890628666
1178,167.7314086023053
1179,181.8232926546548
1180,189.52537918580165
1181,191.9416759361654
1182,180.06791089642178
1183,204.42912364471022
1184,181.48215781822822
1185,179.61311695321407
1186,188.180371834686
1187,181.445749100198
1188,179.002067053269
1189,195.70482522607335
1190,195.17010312066364
1191,184.17338764454547
1192,187.28766067170943
1193,182.40151170193883
1194,171.3045484885994
1195,168.4572202216291
1196,196.60964262533008
1197,176.66151303769473
1198,172.00441495842463
1199,188.1781216048945
1200,191.96962379017845
1201,169.94234938187552
1202,184.43900476916238
1203,200.0598749603996
1204,211.81372525454174
1205,168.65359777555398
1206,197.32285295781983
1207,162.4414558964079
1208,176.11351457651367
1209,174.07635904375894
1210,205.72660614262466
1211,184.51965300489803
1212,170.25864168140146
1213,204.28895683098386
1214,167.9457204876699
1215,177.94742935447917
1216,174.2715439758941
1217,183.60097419012487
1218,197.93124758661034
1219,184.99888444364336
1220,170.55510945646256
1221,178.31806470347541
1222,189.21883038127356
1223,178.01052579783925
1224,208.54463641770664
1225,187.17598176714577
1226,193.3188390710037
1227,178.93395259747268
1228,190.5650978610721
1229,189.613228156871
1230,174.08074699185337
1231,204.49624799939824
1232,200.35431752864744
1233,186.26016074420838
1234,178.23053076457677
1235,186.77136794829406
1236,183.13434403821307
1237,187.64985765898732
1238,164.80777504309714
1239,169.01392707210402
1240,196.79296884646183
1241,204.5074316414634
1242,183.46384518661654
1243,176.76286338751407
1244,164.98585822881498
1245,172.49663022306837
1246,181.65045250435202
1247,198.72101073661594
1248,193.1446037782305
1249,180.50069759226508
1250,172.71260727847897
1251,152.82804668246084
1252,179.7170100626986
1253,171.33960706875476
1254,177.84018340260496
1255,193.15677752140346
1256,185.83614994455164
1257,186.69940559955464
1258,169.93514864654173
1259,171.07702775435712
1260,178.7815445336787
1261,175.06054204776993
1262,187.77688313073034
1263,175.94344220885438
1264,171.95788020633174
1265,173.81715507404988
1266,188.3093550063484
1267,163.77590966980011
1268,180.84541029406105
1269,191.7467160270095
1270,176.05154324804974
1271,175.14530820402487
1272,158.72979186413428
1273,192.6652148233991
1274,174.1956437250191
1275,178.94727395783966
1276,174.5715221094303
1277,159.7250459987201
1278,202.53508272670973
1279,165.6051889743941
1280,170.2743707876458
1281,174.0935507993681
1282,197.8451762970763
1283,167.89054485317655
1284,168.82751803615741
1285,167.03624511274467
1286,171.95202960887283
1287,152.81641299443694
1288,159.46840729097332
1289,205.01188815617397
1290,179.79061507918638
1291,170.8351730563416
1292,178.67162080835246
1293,177.9116957053861
1294,165.87919945613308
1295,182.18188927426579
1296,155.0947031516743
1297,172.71926795866202
1298,154.83819945771452
1299,162.722037049139
1300,174.17872199698516
1301,174.22140885613453
1302,191.09480195404677
1303,203.35513396971214
1304,200.88370658945038
1305,179.47223006595362
1306,200.22362418234337
1307,174.71121637490114
1308,188.47947237860353
1309,197.15575089348502
1310,175.07615864252452
1311,186.31009334328652
1312,167.52812284292
1313,162.97154252844692
1314,175.04755822187136
1315,202.02448308466828
1316,187.02791664684955
1317,165.06135343832784
1318,187.8114016557358
1319,201.3362953074624
1320,171.77707424256585
1321,202.1639973317559
1322,193.94854337592292
1323,173.98421213378734
1324,207.98403666969182
1325,187.39119374442734
1326,184.23954440042215
1327,185.60205853931734
1328,173.03646035010527
1329,176.758632955506
1330,175.20052884311357
1331,166.6414873003811
1332,173.25390005488072
1333,177.0367613577642
1334,171.93429779811365
1335,174.76922729893192
1336,163.72669714425444
1337,185.78765749254006
1338,205.2119560869567
1339,181.66620411289418
1340,180.3513723432861
1341,186.85975697451343
1342,192.46226659848307
1343,177.4366721963509
1344,188.31149272465018
1345,200.1340875389306
1346,191.4862519286164
1347,167.16113286618622
1348,168.72409747492858
1349,159.30702081031052
1350,191.35405092835168
1351,185.11558136064284
1352,194.10495684874627
1353,168.42033895534266
1354,181.28944813886454
1355,202.3268914663795
1356,181.45112714940015
1357,171.68269960510065
1358,191.4243481070459
1359,174.86315189043913
1360,161.26591335090848
1361,178.0869436015667
1362,169.6061650509905
1363,174.7451723424582
1364,193.27700729917555
1365,180.79844799830795
1366,204.93308510886743
1367,182.18112419613686
1368,183.46017731205637
1369,199.06131298802015
1370,200.79700523557506
1371,169.91710180361218
1372,191.2208823292769
1373,183.22410570460502
1374,179.315254035682
1375,165.12386482194225
1376,182.89300689304906
1377,186.80109348384343
1378,170.5373551434056
1379,197.90584249226242
1380,161.1647655217698
1381,169.8685643470045
1382,208.09153014684298
1383,188.3916234075342
1384,172.62750358775574
1385,188.56653376924564
1386,180.54169677907095
1387,196.3381749032555
1388,184.1208897835051
1389,174.31202560984727
1390,201.35096680570427
1391,164.11238653055767
1392,196.2149748221575
1393,167.48788873424402
1394,172.40068042474854
1395,168.33561780368382
1396,182.00929664923967
1397,170.7229765989256
1398,166.67834606436966
1399,211.61239719507563
1400,176.57211140806902
1401,171.29604261998645
1402,159.22016194034907
1403,170.4709958668472
1404,173.6012680278304
1405,190.00897607034312
1406,186.73225895451355
1407,186.87586861982234
1408,170.34725573059984
1409,176.98138320258974
1410,191.72574388535062
1411,182.04019230428048
1412,144.9978770715687
1413,179.1528099470169
1414,187.88136129996093
1415,208.97789566180717
1416,188.46851375951772
1417,216.47649391288735
1418,189.2124847332611
1419,200.09592364166258
1420,195.68954616578773
1421,200.11671576493848
1422,171.86865859508927
1423,195.7398613039307
1424,171.2018705032029
1425,170.8114106297408
1426,170.35794432211054
1427,203.69316348902655
1428,223.11734957195384
1429,150.9219445327768
1430,160.7008131433103
1431,171.98326279838224
1432,179.08982601514617
1433,168.9963077728349
1434,174.8572787906826
1435,180.39896470338087
1436,167.79146723544665
1437,183.36584767918617
1438,172.50682376402526
1439,188.66756908689499
1440,196.8126808594377
1441,187.89083476738378
1442,182.87901046374472
1443,194.6086482853283
1444,187.77157258842232
1445,176.00561605799982
1446,148.05917968943479
1447,181.57511481092467
1448,170.44313802202592
1449,191.76420031249148
1450,179.63053373180168
1451,186.06567338330842
1452,170.50297163218855
1453,199.98590990714513
1454,168.92018249898013
1455,180.6273180226463
1456,148.8963326788535
1457,185.05077474264087
1458,172.92122608247035
1459,214.4458640465285
1460,197.41038689671757
1461,196.6182385031343
1462,174.6978050053424
1463,209.10928657934602
1464,185.32001473722195
1465,167.44736209569461
1466,156.86189861631428
1467,207.81895981217036
1468,184.4361469773273
1469,221.9424145884978
1470,179.73564196537387
1471,180.40933826272132
1472,173.3981847891263
1473,213.087377818961
1474,193.76242686984847
1475,177.82283413091068
1476,179.3367437301932
1477,200.60114523450247
1478,187.43464568170577
1479,177.9328253631304
1480,180.01194768150066
1481,182.18353194201373
1482,173.37331974992762
1483,199.7183575849081
1484,172.36134640798892
1485,179.0223416236922
1486,157.00242546680792
1487,185.87692410837818
1488,176.25658418667206
1489,183.44822859186215
1490,172.1057428059463
1491,174.2294646787888
1492,174.6746726430833
1493,192.19010130517267
1494,171.05857587006497
1495,163.5175157828148
1496,189.65967289977203
1497,162.43704544601607
1498,161.82511795645237
1499,191.67209840711533
1500,156.24733835789402
1501,184.56837047988898
1502,177.3852769479081
1503,186.4051205473919
1504,180.79880803507467
1505,192.32376495480136
1506,168.9455425887334
1507,178.4719129143358
1508,190.4527213852725
1509,166.10640515820478
1510,172.2638214488156
1511,165.43734433422827
1512,194.35563244754604
1513,184.45522892596065
1514,179.73735214001562
1515,182.80765567704879
1516,179.46239656176382
1517,181.68996653949483
1518,186.2019698017941
1519,161.09705610733664
1520,205.10610527755387
1521,197.14778508002252
1522,181.3516219880098
1523,169.65157468818774
1524,147.0894881652828
1525,149.03915476373538
1526,213.12104125664555
1527,195.7420215245312
1528,201.62000427960442
1529,190.85990046608745
1530,179.63219890184754
1531,196.23410177538693
1532,187.49825967791804
1533,173.57680802999434
1534,177.71187529988046
1535,183.045459961439
1536,187.89864306476125
1537,186.8083167214747
1538,180.298964491436
1539,199.56066148110293
1540,184.1561508843409
1541,181.1567520880457
1542,194.4757947184243
1543,188.7175916951652
1544,158.46982281629568
1545,187.05404181473241
1546,207.24598380030147
1547,196.1755958008021
1548,177.0975400644388
1549,169.7826280712584
1550,186.8807741207688
1551,179.67529080235957
1552,193.0019392094343
1553,165.29616491709507
1554,177.19058706632708
1555,193.07540921213484
1556,178.21819950531773
1557,192.77216824540056
1558,179.20553283103737
1559,190.76073283916583
1560,165.14218169244674
1561,184.76652571534927
1562,207.94103477837186
1563,186.67220032137237
1564,183.85801793923443
1565,172.45743122009657
1566,168.44005096831853
1567,168.74617222918582
1568,175.73903133457355
1569,163.7435963699907
1570,208.42737694325953
1571,178.40863645259253
1572,189.85895325012842
1573,178.06138099113204
1574,176.6895283986019
1575,185.71434500592517
1576,170.32488844647014
1577,194.10252660057145
1578,176.13561183306882
1579,156.93217329271002
1580,173.22734734333793
1581,184.59305550070437
1582,194.1629002658836
1583,185.0120032833291
1584,143.4650205374398
1585,180.78163878176346
1586,203.60049902620267
1587,208.40543720279007
1588,207.35892283354823
1589,162.3542144873826
1590,170.39266536779735
1591,167.2117855387979
1592,173.5762229702484
1593,180.89707557007958
1594,157.52591892555682
1595,188.30678974438578
1596,156.31205496670395
1597,172.36296657343925
1598,198.9758717628271
1599,183.58749531367235
1600,171.79239830744754
1601,178.9157482384579
1602,173.33153298269508
1603,171.63985522986513
1604,159.36908214796628
1605,186.03590284316385
1606,197.76113021435575
1607,184.1908944323255
1608,162.49307616783005
1609,186.02676691020926
1610,185.6167300375597
1611,192.60538121323697
1612,188.2405204770194
1613,193.72568061734952
1614,174.83416893072123
1615,166.20930816658063
1616,161.15252427170262
1617,175.96718213315748
1618,190.50231644988273
1619,205.8932806632983
1620,173.96047220948483
1621,179.54930043632032
1622,186.24787448954544
1623,179.01691856989402
1624,174.47062180556892
1625,196.18639690380235
1626,178.0191666802393
1627,190.56836069426978
1628,169.31383769874606
1629,174.399739567129
1630,183.81602865132078
1631,194.55354015772863
1632,179.2711945363601
1633,187.53426335458545
1634,186.98826759791936
1635,167.46151604108496
1636,192.0226392040717
1637,169.47427908289686
1638,170.01892470168818
1639,192.08087515108178
1640,192.1865684443998
1641,180.89847071255
1642,179.8756737653136
1643,169.47808197124502
1644,178.62591864128268
1645,189.49959155238798
1646,154.07379639746247
1647,172.12570234419888
1648,170.01293909044196
1649,178.29218706087062
1650,168.86435429784743
1651,158.01541141215262
1652,207.99121490272745
1653,188.55017459865996
1654,196.03308874809167
1655,171.85556225770156
1656,189.00305584654433
1657,207.59557950074506
1658,192.28395838978605
1659,168.4572427239268
1660,200.73215361297724
1661,184.3778210211248
1662,165.57721861808253
1663,170.7026570239066
1664,175.9068984770369
1665,182.6932989990329
1666,161.18035961422675
1667,174.61515406509176
1668,193.73832690877913
1669,167.64243451634007
1670,168.5855508266517
1671,186.45059769148284
1672,170.3788714591736
1673,177.31756753347454
1674,173.03954316492056
1675,159.24205667622286
1676,182.58987843780494
1677,178.97915971398893
1678,163.8479845300289
1679,184.57786644961027
1680,213.2372206207926
1681,188.14693341998117
1682,170.1145594678368
1683,166.32830031796755
1684,197.0574833584806
1685,178.4188524958473
1686,186.85782177689273
1687,182.1487433894332
1688,176.71574357567525
1689,181.78746899637085
1690,187.28775068090195
1691,173.10389973696326
1692,178.0904089554458
1693,191.5285112441052
1694,178.24961271321024
1695,193.36442872658503
1696,179.68453924680378
1697,175.50644758329983
1698,196.6678110654456
1699,182.36136760245415
1700,186.9637175908919
1701,177.39137507064362
1702,170.8601506070299
1703,187.47112190663006
1704,146.7245008930638
1705,180.7892895630555
1706,202.33141442826096
1707,191.5937229034695
1708,175.4479191064169
1709,185.0532499954119
1710,178.14913995301018
1711,157.1499055273584
1712,191.8591825120003
1713,173.89346036628712
1714,189.18676460674098
1715,179.66322957067587
1716,188.95460839912818
1717,174.54616201967713
1718,177.99351406061368
1719,171.20013782626313
1720,183.20041078489766
1721,208.1796941500832
1722,189.32346606658913
1723,180.0036668358676
1724,189.14038737073378
1725,184.63770005977256
1726,178.53021636824008
1727,176.12917617586479
1728,182.27273105095776
1729,186.92863650843879
1730,194.02930412314825
1731,187.83824689715107
1732,173.81186703403878
1733,188.5845356075796
1734,174.96792258954187
1735,192.77297832812553
1736,184.18666400031674
1737,189.0127768392445
1738,164.374628310486
1739,179.03059996702817
1740,168.8837287763541
1741,179.18894863747187
1742,193.271336720101
1743,165.06416622556725
1744,175.69535437431617
1745,188.0450430150113
1746,195.9159867897295
1747,204.45617140680724
1748,201.79106674837203
1749,192.59055219890953
1750,180.00146161067136
1751,185.04346149581752
1752,177.14411982112824
1753,166.61047913385116
1754,177.95087220606013
1755,200.38033018503995
1756,184.2787434033949
1757,188.84621483006052
1758,170.50963231237165
1759,187.2996994010957
1760,167.5563182222105
1761,170.85641522557523
1762,184.3913674044712
1763,207.8412145848108
1764,200.95796417257802
1765,172.89510091458848
1766,178.536179477188
1767,195.86598668375765
1768,173.3690218110254
1769,191.08800626007496
1770,182.940239216378
1771,191.8448035436309
1772,184.12190238691102
1773,206.6199248676446
1774,226.47298224657942
1775,165.10545794224575
1776,184.0019426367141
1777,185.23635119356527
1778,198.5454478082643
1779,178.15391044016857
1780,179.9457909256244
1781,193.61478929321322
1782,147.45209019392306
1783,191.2100587239787
1784,170.21978021289794
1785,183.46152744993103
1786,185.6008659175276
1787,215.75480021408208
1788,189.10395615040522
1789,165.96673339503215
1790,166.14231882568123
1791,171.22435029882186
1792,190.73760047690618
1793,193.52529765439624
1794,202.63413784214296
1795,188.04673068735505
1796,182.53177750458292
1797,187.30170210561025
1798,193.37964027997697
1799,179.36529914625058
1800,177.34812565404644
1801,183.32313831773908
1802,191.43069375505837
1803,183.67100134124348
1804,187.6210997222492
1805,174.7973551713288
1806,193.0008365968367
1807,167.16630839470739
1808,197.32170534062624
1809,182.00137584037242
1810,171.92876223282653
1811,167.27508450283952
1812,195.16375747265118
1813,182.40792485684563
1814,194.44838691956127
1815,177.95458508521645
1816,149.75889076262092
1817,178.07308218604894
1818,201.41584093060015
1819,197.28066114922478
1820,174.68929913672966
1821,185.1589207864319
1822,185.12291710976396
1823,186.10057444737856
1824,186.48966168066684
1825,173.78063384452997
1826,189.53201736368726
1827,192.0681388504608
1828,178.0180415653433
1829,202.56467324847148
1830,187.722202546791
1831,202.8103308348357
1832,183.86053819660188
1833,191.35807883967863
1834,172.86742308814996
1835,193.71917745325135
1836,207.0093271331045
1837,191.39858297593037
1838,168.3166258642414
1839,165.55269111335295
1840,184.80426206895615
1841,175.89443220399022
1842,160.74214986458423
1843,168.66696414051668
1844,182.42444154351654
1845,176.57049124261943
1846,188.53278032237
1847,183.70324713415891
1848,174.64460957306585
1849,178.5841318740502
1850,159.63796210578025
1851,176.12440568870633
1852,205.740670078823
1853,164.8333601558295
1854,180.47637260821708
1855,170.38573466003874
1856,178.72065331551423
1857,171.0172166464928
1858,166.72677100948792
1859,188.62629987251455
1860,162.6651737423025
1861,171.2628292282606
1862,200.51817926208108
1863,182.56935634210456
1864,171.14016920231336
1865,162.08159914811372
1866,161.77473531141518
1867,175.01045193260603
1868,195.24310057510775
1869,180.86035181987788
1870,199.23165538325412
1871,198.4050334692598
1872,180.65256560090964
1873,182.13242922344364
1874,200.40474517828054
1875,179.52029497430564
1876,170.98938130396905
1877,166.52418282133792
1878,179.27902533603492
1879,199.7645548025319
1880,184.0389364144899
1881,188.7767502363897
1882,190.8846304914984
1883,169.44552114615857
1884,169.57871224753097
1885,195.01656994197387
1886,177.76849108143998
1887,168.0093344838821
1888,174.9964104987057
1889,169.9682045221828
1890,190.2346516161562
1891,164.69089810771436
1892,176.09992318857164
1893,184.88034233821517
1894,172.1527051016992
1895,175.48302269116755
1896,152.38673161570566
1897,159.4446223620749
1898,176.73075260838607
1899,194.3899034472736
1900,201.58467567187407
1901,174.31065296967458
1902,177.52416113065365
1903,181.59736958356464
1904,195.04690303956588
1905,179.1264822584539
1906,176.87285461973437
1907,191.71874567069827
1908,185.6712081008181
1909,208.7222695574658
1910,186.53176348007088
1911,182.68096773977413
1912,191.75677455417807
1913,176.19400529616388
1914,179.10368743066317
1915,183.94147896220974
1916,192.2437467834075
1917,175.14620829594102
1918,187.4244296384515
1919,199.4453597065748
1920,185.0846632033047
1921,176.43786269869398
1922,159.2407740452414
1923,173.77957623652736
1924,207.79850522336335
1925,161.62054956608523
1926,171.93276764185532
1927,210.45735424297797
1928,183.09507752834764
1929,198.11601395480972
1930,198.83473735028983
1931,170.68566778897883
1932,171.97511696653615
1933,183.28771970081738
1934,187.5610185868097
1935,168.11066233140417
1936,176.12031027048457
1937,188.63307306418744
1938,181.21285031675322
1939,193.22266424970599
1940,166.41272893975338
1941,184.48124158235282
1942,179.22000180859803
1943,231.1952469806179
1944,166.70150092892658
1945,209.39580833872847
1946,183.64370605386978
1947,182.51798359595924
1948,200.64981770489769
1949,174.8773733427222
1950,198.19432195156202
1951,190.4566592874086
1952,187.075936550605
1953,194.96148431667223
1954,184.21042642691842
1955,172.30099524497473
1956,166.68352159289066
1957,193.11431568523344
1958,184.53623719846297
1959,171.29151965810516
1960,193.5647891872409
1961,189.6240292598707
1962,188.80967109824292
1963,164.41366979737265
1964,186.86558506967364
1965,215.8188642562527
1966,203.20029565774297
1967,173.88587709188928
1968,195.3093473401761
1969,186.99058533460484
1970,202.5849028142994
1971,182.02914367600283
1972,188.8961924337349
1973,187.60753083660515
1974,181.7369963421417
1975,176.8273549733454
1976,178.85341687322668
1977,187.6326884056763
1978,192.90862217997096
1979,201.92117503492906
1980,190.60875231903194
1981,195.88947908278357
1982,179.2058253609102
1983,189.87042942206537
1984,197.22755572613985
1985,154.74479241905908
1986,184.13331105195516
1987,180.1785771975784
1988,183.32032553049956
1989,192.13971866013605
1990,184.7447434909649
1991,170.9857134294087
1992,168.64158154846598
1993,182.21881554514746
1994,173.945845715839
1995,190.73717293324577
1996,176.44825876033232
1997,200.03867779576092
1998,204.31328181503235
1999,183.8313302139046
2000,160.5507228162013
2001,175.59960709667791
2002,207.9359267567445
2003,192.83787495531908
2004,188.9770431901519
2005,171.36165932071344
2006,184.857029957573
2007,173.13745066315775
2008,200.43710348268533
2009,209.96383384505543
2010,172.89649605705915
2011,170.85742782898228
2012,192.74014747546414
2013,169.67205177929276
2014,173.6949450940605
2015,173.72683085020904
2016,191.87479910675492
2017,197.43034643497032
2018,201.21782070892786
2019,182.28713252162513
2020,160.08067231500638
2021,173.6971503192565
2022,167.66837966583887
2023,187.88453412396723
2024,167.4528526563862
2025,186.76882518862936
2026,178.25107536257525
2027,183.16458712661392
2028,160.8752734590626
2029,167.72938339549265
2030,182.10814924399054
2031,198.8714611004909
2032,180.78085120133608
2033,161.74253452309503
2034,166.57420542960799
2035,189.31349754861168
2036,160.31827407871546
2037,185.40808873127014
2038,201.16644796278254
2039,182.66942406094284
2040,184.28128616305952
2041,183.96220357859167
2042,165.41751980976326
2043,164.59528584386393
2044,196.3593270632968
2045,165.88691774431933
2046,182.0033560425895
